date,benchmark
2023-10-16,100.00
2023-10-17,99.46
2023-10-18,99.07
2023-10-19,98.70
2023-10-20,97.75
2023-10-23,97.62
2023-10-24,98.12
2023-10-25,97.65
2023-10-26,97.36
2023-10-27,97.28
2023-10-30,97.09
2023-10-31,97.45
2023-11-01,98.20
2023-11-02,99.18
2023-11-03,99.79
2023-11-06,99.54
2023-11-07,99.91
2023-11-08,99.95
2023-11-09,99.99
2023-11-10,99.75
2023-11-13,100.15
2023-11-14,100.77
2023-11-15,101.00
2023-11-16,100.78
2023-11-17,101.01
2023-11-20,101.14
2023-11-21,101.33
2023-11-22,101.50
2023-11-23,101.22
2023-11-24,101.01
2023-11-27,101.10
2023-11-28,101.25
2023-11-29,101.74
2023-11-30,101.93
2023-12-01,102.46
2023-12-04,102.42
2023-12-05,102.82
2023-12-06,103.39
2023-12-07,103.41
2023-12-08,103.37
2023-12-11,103.40
2023-12-12,103.48
2023-12-13,103.95
2023-12-14,104.68
2023-12-15,104.84
2023-12-18,104.96
2023-12-19,105.13
2023-12-20,105.32
2023-12-21,105.38
2023-12-22,105.20
2023-12-25,105.19
2023-12-26,105.19
2023-12-27,105.47
2023-12-28,105.77
2023-12-29,105.22
2024-01-01,105.21
2024-01-02,105.33
2024-01-03,105.16
2024-01-04,104.76
2024-01-05,104.67
2024-01-08,104.61
2024-01-09,104.95
2024-01-10,105.06
2024-01-11,104.97
2024-01-12,105.54
2024-01-15,105.41
2024-01-16,105.32
2024-01-17,104.50
2024-01-18,104.74
2024-01-19,104.88
2024-01-22,105.49
2024-01-23,105.40
2024-01-24,105.68
2024-01-25,106.07
2024-01-26,106.42
2024-01-29,106.32
2024-01-30,106.58
2024-01-31,106.85
2024-02-01,106.62
2024-02-02,106.79
2024-02-05,106.93
2024-02-06,107.25
2024-02-07,107.25
2024-02-08,107.15
2024-02-09,107.09
2024-02-12,107.52
2024-02-13,106.75
2024-02-14,107.09
2024-02-15,107.51
2024-02-16,107.52
2024-02-19,107.42
2024-02-20,107.21
2024-02-21,107.13
2024-02-22,107.62
2024-02-23,108.27
2024-02-26,107.88
2024-02-27,107.82
2024-02-28,107.50
2024-02-29,107.89
2024-03-01,108.35
2024-03-04,108.31
2024-03-05,108.39
2024-03-06,108.53
2024-03-07,108.99
2024-03-08,108.82
2024-03-11,108.44
2024-03-12,108.82
2024-03-13,108.81
2024-03-14,108.55
2024-03-15,108.36
2024-03-18,108.73
2024-03-19,108.75
2024-03-20,109.02
2024-03-21,110.01
2024-03-22,109.91
2024-03-25,109.70
2024-03-26,109.85
2024-03-27,110.07
2024-03-28,110.42
2024-03-29,110.42
2024-04-01,110.41
2024-04-02,109.23
2024-04-03,109.40
2024-04-04,109.57
2024-04-05,109.18
2024-04-08,108.95
2024-04-09,109.12
2024-04-10,108.91
2024-04-11,108.92
2024-04-12,109.43
2024-04-15,108.78
2024-04-16,107.74
2024-04-17,107.49
2024-04-18,107.62
2024-04-19,107.20
2024-04-22,107.75
2024-04-23,107.87
2024-04-24,107.91
2024-04-25,107.01
2024-04-26,107.93
2024-04-29,108.36
2024-04-30,107.81
2024-05-01,107.81
2024-05-02,107.97
2024-05-03,108.54
2024-05-06,109.24
2024-05-07,109.61
2024-05-08,109.17
2024-05-09,109.43
2024-05-10,109.71
2024-05-13,109.66
2024-05-14,109.56
2024-05-15,110.33
2024-05-16,110.60
2024-05-17,110.28
2024-05-20,110.36
2024-05-21,110.25
2024-05-22,110.37
2024-05-23,110.26
2024-05-24,110.18
2024-05-27,109.87
2024-05-28,109.91
2024-05-29,109.22
2024-05-30,108.93
2024-05-31,108.99
2024-06-03,109.73
2024-06-04,109.70
2024-06-05,110.28
2024-06-06,110.34
2024-06-07,110.38
2024-06-10,110.55
2024-06-11,110.47
2024-06-12,111.27
2024-06-13,111.58
2024-06-14,111.62
2024-06-17,111.47
2024-06-18,111.90
2024-06-19,112.01
2024-06-20,112.09
2024-06-21,111.97
2024-06-24,111.97
2024-06-25,112.02
2024-06-26,111.80
2024-06-27,111.85
2024-06-28,111.89
2024-07-01,111.11
2024-07-02,111.54
2024-07-03,111.68
2024-07-04,111.82
2024-07-05,112.22
2024-07-08,112.25
2024-07-09,112.35
2024-07-10,112.56
2024-07-11,112.95
2024-07-12,113.26
2024-07-15,113.40
2024-07-16,113.58
2024-07-17,112.97
2024-07-18,112.66
2024-07-19,112.12
2024-07-22,112.34
2024-07-23,112.69
2024-07-24,111.76
2024-07-25,111.22
2024-07-26,111.57
2024-07-29,111.91
2024-07-30,111.81
2024-07-31,113.01
2024-08-01,112.50
2024-08-02,110.71
2024-08-05,109.24
2024-08-06,109.78
2024-08-07,110.31
2024-08-08,110.25
2024-08-09,110.97
2024-08-12,111.19
2024-08-13,111.58
2024-08-14,111.77
2024-08-15,111.76
2024-08-16,112.72
2024-08-19,112.84
2024-08-20,112.87
2024-08-21,113.03
2024-08-22,112.95
2024-08-23,113.27
2024-08-26,113.46
2024-08-27,112.99
2024-08-28,113.06
2024-08-29,113.48
2024-08-30,113.61
2024-09-02,113.60
2024-09-03,113.15
2024-09-04,112.56
2024-09-05,112.70
2024-09-06,111.93
2024-09-09,112.58
2024-09-10,112.63
2024-09-11,112.67
2024-09-12,113.33
2024-09-13,113.89
2024-09-16,113.72
2024-09-17,114.06
2024-09-18,113.75
2024-09-19,114.39
2024-09-20,114.02
2024-09-23,114.28
2024-09-24,114.61
2024-09-25,114.54
2024-09-26,114.78
2024-09-27,115.11
2024-09-30,114.87
2024-10-01,115.33
2024-10-02,115.47
2024-10-03,115.09
2024-10-04,115.03
2024-10-07,114.91
2024-10-08,115.08
2024-10-09,115.15
2024-10-10,115.20
2024-10-11,115.52
2024-10-14,115.77
2024-10-15,116.16
2024-10-16,116.02
2024-10-17,116.42
2024-10-18,116.39
2024-10-21,115.89
2024-10-22,116.03
2024-10-23,115.76
2024-10-24,115.63
2024-10-25,115.62
2024-10-28,115.68
2024-10-29,115.50
2024-10-30,115.28
2024-10-31,114.17
2024-11-01,114.64
2024-11-04,114.13
2024-11-05,114.20
2024-11-06,115.65
2024-11-07,116.58
2024-11-08,116.88
2024-11-11,117.34
2024-11-12,117.09
2024-11-13,116.82
2024-11-14,117.06
2024-11-15,116.40
2024-11-18,116.36
2024-11-19,116.69
2024-11-20,116.62
2024-11-21,117.46
2024-11-22,117.93
2024-11-25,118.24
2024-11-26,118.07
2024-11-27,117.86
2024-11-28,118.06
2024-11-29,118.46
2024-12-02,119.13
2024-12-03,119.04
2024-12-04,119.13
2024-12-05,119.28
2024-12-06,119.45
2024-12-09,119.38
2024-12-10,119.36
2024-12-11,119.41
2024-12-12,119.17
2024-12-13,118.65
2024-12-16,118.82
2024-12-17,118.56
2024-12-18,118.73
2024-12-19,117.07
2024-12-20,117.39
2024-12-23,117.32
2024-12-24,117.32
2024-12-25,117.32
2024-12-26,117.31
2024-12-27,117.55
2024-12-30,117.08
2024-12-31,117.08
2025-01-01,117.08
2025-01-02,118.01
2025-01-03,117.78
2025-01-06,117.80
2025-01-07,117.23
2025-01-08,117.32
2025-01-09,117.28
2025-01-10,116.58
2025-01-13,116.10
2025-01-14,116.09
2025-01-15,117.78
2025-01-16,117.84
2025-01-17,118.27
2025-01-20,118.25
2025-01-21,118.25
2025-01-22,118.70
2025-01-23,118.83
2025-01-24,118.25
2025-01-27,117.55
2025-01-28,118.19
2025-01-29,118.73
2025-01-30,119.07
2025-01-31,119.75
2025-02-03,119.37
2025-02-04,119.20
2025-02-05,119.29
2025-02-06,119.83
2025-02-07,119.43
2025-02-10,120.16
2025-02-11,119.50
2025-02-12,119.00
2025-02-13,119.56
2025-02-14,119.81
2025-02-17,119.90
2025-02-18,119.62
2025-02-19,119.75
2025-02-20,119.42
2025-02-21,119.80
2025-02-24,119.20
2025-02-25,118.61
2025-02-26,119.20
2025-02-27,119.30
2025-02-28,118.80
2025-03-03,118.89
2025-03-04,116.98
2025-03-05,115.73
2025-03-06,115.87
2025-03-07,115.19
2025-03-10,114.87
2025-03-11,113.23
2025-03-12,113.98
2025-03-13,113.74
2025-03-14,114.17
2025-03-17,114.92
2025-03-18,114.29
2025-03-19,115.06
2025-03-20,115.64
2025-03-21,115.19
2025-03-24,116.19
2025-03-25,116.08
2025-03-26,115.55
2025-03-27,115.31
2025-03-28,114.32
2025-03-31,114.05
2025-04-01,115.11
2025-04-02,114.70
2025-04-03,112.34
2025-04-04,110.16
2025-04-07,106.99
2025-04-08,109.52
2025-04-09,106.35
2025-04-10,108.96
2025-04-11,108.15
2025-04-14,109.87
2025-04-15,110.71
2025-04-16,109.97
2025-04-17,109.45
2025-04-18,109.44
2025-04-21,109.43
2025-04-22,109.05
2025-04-23,110.83
2025-04-24,111.38
2025-04-25,111.61
2025-04-28,111.64
2025-04-29,112.24
2025-04-30,112.14
2025-05-01,112.13
2025-05-02,113.58
2025-05-05,113.54
2025-05-06,113.21
2025-05-07,113.03
2025-05-08,113.92
2025-05-09,113.81
2025-05-12,115.11
2025-05-13,115.55
2025-05-14,115.39
2025-05-15,115.83
2025-05-16,116.41
2025-05-19,115.71
2025-05-20,116.04
2025-05-21,115.43
2025-05-22,114.90
2025-05-23,114.59
2025-05-26,114.81
2025-05-27,115.43
2025-05-28,115.43
2025-05-29,115.59
2025-05-30,115.52
2025-06-02,115.22
2025-06-03,115.74
2025-06-04,116.10
2025-06-05,116.04
2025-06-06,116.01
2025-06-09,116.20
2025-06-10,116.34
2025-06-11,116.17
2025-06-12,115.87
2025-06-13,115.40
2025-06-16,115.95
2025-06-17,115.55
2025-06-18,115.62
2025-06-19,115.22
2025-06-20,115.36
2025-06-23,115.39
2025-06-24,115.85
2025-06-25,115.67
2025-06-26,116.12
2025-06-27,116.45
2025-06-30,116.29
2025-07-01,116.48
2025-07-02,116.38
2025-07-03,116.83
2025-07-04,116.33
2025-07-07,116.39
2025-07-08,116.44
2025-07-09,116.52
2025-07-10,116.82
2025-07-11,116.70
2025-07-14,116.54
2025-07-15,117.00
2025-07-16,116.18
2025-07-17,117.34
2025-07-18,117.01
2025-07-21,117.51
2025-07-22,117.17
2025-07-23,117.71
2025-07-24,117.50
2025-07-25,117.53
2025-07-28,118.32
2025-07-29,118.54
2025-07-30,118.79
2025-07-31,118.92
2025-08-01,117.52
2025-08-04,118.13
2025-08-05,117.95
2025-08-06,118.08
2025-08-07,118.23
2025-08-08,118.28
2025-08-11,118.50
2025-08-12,118.59
2025-08-13,118.87
2025-08-14,119.00
2025-08-15,119.00
2025-08-18,118.81
2025-08-19,118.63
2025-08-20,118.56
2025-08-21,118.85
2025-08-22,119.31
2025-08-25,119.02
2025-08-26,119.11
2025-08-27,119.23
2025-08-28,119.34
2025-08-29,118.64
2025-09-01,118.99
2025-09-02,118.36
2025-09-03,118.78
2025-09-04,119.19
2025-09-05,119.15
2025-09-08,119.78
2025-09-09,119.57
2025-09-10,120.01
2025-09-11,120.58
2025-09-12,120.47
2025-09-15,120.75
2025-09-16,120.24
2025-09-17,120.31
2025-09-18,120.63
2025-09-19,120.73
2025-09-22,120.65
2025-09-23,120.85
2025-09-24,120.82
2025-09-25,120.48
2025-09-26,120.50
2025-09-29,120.93
2025-09-30,120.81
2025-10-01,121.46
2025-10-02,121.61
2025-10-03,121.88
2025-10-06,121.96
2025-10-07,121.90
2025-10-08,122.66
2025-10-09,122.56
2025-10-10,121.40
2025-10-13,121.59
2025-10-14,121.76
2025-10-15,122.21
2025-10-16,122.32
2025-10-17,121.57
2025-10-20,122.62
2025-10-21,122.97
2025-10-22,122.80
2025-10-23,123.07
2025-10-24,123.04
2025-10-27,123.86
2025-10-28,123.71
2025-10-29,123.91
2025-10-30,123.77
2025-10-31,123.60
2025-11-03,123.83
2025-11-04,123.42
2025-11-05,123.50
2025-11-06,122.86
2025-11-07,121.81
2025-11-10,123.13
2025-11-11,123.45
2025-11-12,123.79
2025-11-13,122.89
2025-11-14,122.72
2025-11-17,122.51
2025-11-18,121.59
2025-11-19,121.68
2025-11-20,121.86
2025-11-21,121.33
2025-11-24,122.36
2025-11-25,122.52
2025-11-26,123.18
2025-11-27,123.19
2025-11-28,123.18
2025-12-01,122.83
2025-12-02,122.89
2025-12-03,123.05
2025-12-04,123.12
2025-12-05,123.27
2025-12-08,123.09
2025-12-09,122.97
2025-12-10,122.66
2025-12-11,122.85
2025-12-12,122.18
2025-12-15,122.34
2025-12-16,122.05
2025-12-17,121.72
2025-12-18,122.54
2025-12-19,122.71
2025-12-22,122.56
2025-12-23,123.00
2025-12-24,123.00
2025-12-25,122.99
2025-12-26,122.99
2025-12-29,123.23
2025-12-30,123.31
2025-12-31,123.31
2026-01-01,123.30
2026-01-02,123.24
2026-01-05,123.78
2026-01-06,124.18
2026-01-07,124.39
2026-01-08,124.45
2026-01-09,124.78
2026-01-12,124.91
2026-01-13,124.96
2026-01-14,124.80
2026-01-15,125.55
2026-01-16,125.25
2026-01-19,124.52
2026-01-20,123.84
2026-01-21,123.89
2026-01-22,124.28
2026-01-23,124.28
2026-01-26,124.17
2026-01-27,124.09
2026-01-28,124.01
2026-01-29,123.77
2026-01-30,124.10
2026-02-02,124.48
2026-02-03,124.22
2026-02-04,124.15
2026-02-05,123.81
2026-02-06,124.22
2026-02-09,124.73
2026-02-10,124.93
2026-02-11,124.93
2026-02-12,124.63
2026-02-13,124.47
2026-02-16,124.68
2026-02-17,124.65
2026-02-18,125.22
2026-02-19,125.34
2026-02-20,125.51
2026-02-23,125.48
2026-02-24,125.50
2026-02-25,126.13
2026-02-26,126.10
2026-02-27,125.93
2026-03-02,125.74
2026-03-03,124.53
2026-03-04,125.41
2026-03-05,124.66
2026-03-06,124.06
2026-03-09,123.79
2026-03-10,124.74
2026-03-11,124.01
2026-03-12,123.32
2026-03-13,123.24
2026-03-16,123.45
2026-03-17,123.58
2026-03-18,123.46
2026-03-19,122.29
2026-03-20,121.39
2026-03-23,121.44
2026-03-24,121.29
2026-03-25,121.96
2026-03-26,121.33
2026-03-27,120.49
2026-03-30,120.80
2026-03-31,120.88
2026-04-01,122.48
2026-04-02,122.43
2026-04-03,122.43
2026-04-06,122.42
2026-04-07,121.47
2026-04-08,123.94
2026-04-09,123.73
2026-04-10,124.00
2026-04-12,123.99
2026-04-13,123.69
2026-04-14,124.68
2026-04-15,125.20
2026-04-16,125.33
2026-04-17,126.35
2026-04-18,126.35
2026-04-20,126.21
2026-04-21,125.77
2026-04-22,126.19
2026-04-23,126.47
2026-04-24,126.05
2026-04-25,126.05
2026-04-27,126.02
2026-04-28,125.64
2026-04-29,125.55
2026-04-30,126.12
2026-05-01,126.11
2026-05-02,126.11
2026-05-04,126.87
2026-05-05,126.98
2026-05-06,127.87
2026-05-07,127.91
2026-05-08,128.18
2026-05-09,128.18
2026-05-11,127.96
2026-05-12,127.40
2026-05-13,127.95
2026-05-14,128.83
2026-05-15,128.15
2026-05-18,127.54
2026-05-19,127.27
2026-05-20,127.99
2026-05-21,128.30
2026-05-22,128.78
2026-05-25,129.84
2026-05-26,129.48
2026-05-27,129.54
2026-05-28,129.98
2026-05-29,129.98
2026-06-01,130.54
2026-06-02,130.78
2026-06-03,130.38
2026-06-04,130.07
2026-06-05,129.45
2026-06-08,129.21
2026-06-09,128.17
2026-06-10,128.10
2026-06-11,128.00
2026-06-12,130.27
2026-06-14,130.27
2026-06-15,130.46
2026-06-16,130.39
2026-06-17,130.66
2026-06-18,130.95
2026-06-19,130.80
2026-06-22,131.01
2026-06-23,130.61
2026-06-24,130.94
2026-06-25,130.65
2026-06-26,130.40
2026-06-27,130.40
2026-06-28,130.40
2026-06-29,130.46
2026-06-30,130.81
2026-07-01,131.33
2026-07-02,130.85
2026-07-03,131.14
2026-07-06,131.27
2026-07-07,130.27
2026-07-08,129.76
2026-07-09,130.68
2026-07-10,130.90
2026-07-13,130.62
2026-07-14,130.32
2026-07-15,130.57
2026-07-16,130.50
2026-07-17,129.69
2026-07-20,129.58
2026-07-21,129.95
2026-07-22,130.05
2026-07-23,129.15
2026-07-24,129.60
2026-07-27,129.26
2026-07-28,129.61
2026-07-29,128.95
2026-07-30,128.75
2026-07-31,128.93
2026-08-03,130.07
2026-08-04,130.90
2026-08-05,131.28
2026-08-06,131.17
2026-08-07,131.47
2026-08-10,131.36
2026-08-11,131.36
2026-08-12,131.59
2026-08-13,131.80
2026-08-14,131.53
2026-08-17,131.51
2026-08-18,130.35
2026-08-19,130.39
2026-08-20,130.29
2026-08-21,130.26
2026-08-24,130.01
2026-08-25,130.39
2026-08-26,130.61
2026-08-27,130.77
2026-08-28,131.18
2026-08-31,130.48
