isin,name,macro_class,sector,currency,quantity,avg_cost,avg_cost_local,avg_fx,invested_capital,current_value,current_price,fx_rate_current,pnl,pnl_pct,unrealized_pnl,realized_pnl,dividends_received,total_return,price_effect,fx_effect,weight_on_ptf,asset_sub_type
IT0004176001,Prysmian,Equity,Industrials,EUR,800.0,35.2026,35.2026,1.0,28162.1,99200.0,124.0,1.0,71037.9,2.522465,71037.9,382500.92,0.0,453538.82,71037.9,0.0,0.009075,Stock
IE00B579F325,Oro,Alternative,Precious Metals,EUR,600.0,176.78,176.78,1.0,106068.0,211361.99,352.27,1.0,105293.99,0.992703,105293.99,61896.42,0.0,167190.41,105293.99,0.0,0.019336,Commodity
GB00BJYDH287,Bitcoin,Alternative,Crypto,EUR,28501.0,7.8947,7.8947,1.0,225007.47,503722.7,20.0225,0.8827,278715.23,1.238693,278715.23,221680.92,0.0,500396.15,278715.23,0.0,0.046081,Crypto
AT0000A2HLC4,"Austria Tf 0,85% Gn2120 Eur",Fixed Income,Gov. Europa,EUR,11300.0,39.8,39.8,1.0,449740.0,339904.0,30.08,1.0,-109836.0,-0.244221,-109836.0,0.0,0.0,-109836.0,-109836.0,0.0,0.031095,Bond
IT0005433690,"Btp Tf 0,25% Mz28 Eur",Fixed Income,Gov. Italia,EUR,5200.0,86.14,86.14,1.0,447928.0,497432.0,95.66,1.0,49504.0,0.110518,49504.0,0.0,0.0,49504.0,49504.0,0.0,0.045506,Bond
IE00BNGJJT35,S&P Equal Weight,Equity,US Equity,EUR,5500.0,44.955,44.955,1.0,247252.5,347875.0,63.25,1.0,100622.5,0.406963,100622.5,55011.27,0.0,155633.77,100622.5,0.0,0.031824,Stock
US37954Y8710,Uranio,Alternative,Energy,USD,5525.0,24.9083,27.15,0.917431,137618.12,194369.55,39.855,0.8827,56751.43,0.412383,56751.43,0.0,0.0,56751.43,64399.18,-7647.72,0.017781,Commodity
IE00BM67HK77,Healthcare,Equity,Healthcare,EUR,4690.0,48.3867,48.3867,1.0,226933.5,256636.81,54.72,1.0,29703.31,0.13089,29703.31,8766.63,0.0,38469.94,29703.31,0.0,0.023477,Stock
IE00B53SZB19,Nasdaq,Equity,US Equity,EUR,250.0,954.6707,954.6707,1.0,238667.67,386850.01,1547.4,1.0,148182.34,0.620873,148182.34,68134.04,0.0,216316.38,148182.34,0.0,0.03539,Stock
LU0489337690,Real Estate EU,Equity,European Equity,EUR,7500.0,22.89,22.89,1.0,171675.0,169537.5,22.605,1.0,-2137.5,-0.012451,-2137.5,17356.24,0.0,15218.74,-2137.5,0.0,0.015509,Stock
IE00BLNMYC90,SP Equal Weight,Equity,US Equity,EUR,6500.0,80.5002,80.5002,1.0,523251.41,669239.99,102.96,1.0,145988.58,0.279003,145988.58,62253.41,0.0,208241.99,145988.58,0.0,0.061223,Stock
GB00BLD4ZM24,Ethereum,Alternative,Crypto,EUR,655.0,76.34,76.34,1.0,50002.7,46898.0,71.6,1.0,-3104.7,-0.062091,-3104.7,0.0,0.0,-3104.7,-3104.7,0.0,0.00429,Crypto
IE00BQQP9F84,GDX,Alternative,Precious Metals,EUR,1800.0,63.6155,63.6155,1.0,114507.9,158274.0,87.93,1.0,43766.1,0.38221,43766.1,80974.66,0.0,124740.76,43766.1,0.0,0.014479,Commodity
IE00B4KBBD01,Utilities US,Equity,US Equity,EUR,22500.0,9.007,9.007,1.0,202657.5,196335.0,8.726,1.0,-6322.5,-0.031198,-6322.5,95417.0,0.0,89094.5,-6322.5,0.0,0.017961,Stock
GB00B15KXQ89,Copper,Alternative,Industrial Metals,EUR,2808.0,35.6,35.6,1.0,99964.8,139389.12,49.64,1.0,39424.32,0.394382,39424.32,0.0,0.0,39424.32,39424.32,0.0,0.012751,Commodity
IE00B4YBJ215,SPY4,Equity,US Equity,EUR,1750.0,86.5472,86.5472,1.0,151457.61,173599.99,99.2,1.0,22142.38,0.146195,22142.38,9188.61,0.0,31330.99,22142.38,0.0,0.015881,Stock
IE00BJ38QD84,Russell2000,Equity,US Equity,EUR,2800.0,59.222,59.222,1.0,165821.6,203055.99,72.52,1.0,37234.39,0.224545,37234.39,14263.2,0.0,51497.59,37234.39,0.0,0.018576,Stock
IE000NFR7C63,MSCI China Tech UCITS ETF,Equity,China Equity,EUR,75000.0,3.944,3.944,1.0,295800.0,344549.99,4.594,1.0,48749.99,0.164807,48749.99,0.0,0.0,48749.99,48749.99,0.0,0.03152,Stock
LU0908500753,Stoxx Europe 600,Equity,European Equity,EUR,940.0,255.5,255.5,1.0,240170.0,294595.99,313.4,1.0,54425.99,0.226614,54425.99,0.0,0.0,54425.99,54425.99,0.0,0.02695,Stock
IT0005436693,"Btp Tf 0,6% Ag31 Eur",Fixed Income,Gov. Italia,EUR,7000.0,85.83,85.83,1.0,600810.0,598080.0,85.44,1.0,-2730.0,-0.004544,-2730.0,0.0,0.0,-2730.0,-2730.0,0.0,0.054713,Bond
US9123184098,United States Natural Gas Fund,Alternative,Energy,USD,7231.0,20.7429,21.78,0.952381,149991.6,66253.51,10.38,0.8827,-83738.09,-0.558285,-83738.09,0.0,0.0,-83738.09,-78508.0,-5230.1,0.006061,Commodity
DE000A1E0HS6,Silver,Alternative,Precious Metals,EUR,430.0,280.8,280.8,1.0,120744.0,213004.79,495.36,1.0,92260.79,0.764103,92260.79,116583.58,0.0,208844.37,92260.79,0.0,0.019486,Commodity
FR0000121014,LVMH,Equity,Consumer Discretionary,EUR,165.0,489.7576,489.7576,1.0,80810.0,64350.0,390.0,1.0,-16460.0,-0.203688,-16460.0,1565.7,0.0,-14894.3,-16460.0,0.0,0.005887,Stock
IT0004965148,Moncler,Equity,Consumer Discretionary,EUR,1164.0,50.14,50.14,1.0,58362.96,51960.96,44.64,1.0,-6402.0,-0.109693,-6402.0,0.0,0.0,-6402.0,-6402.0,0.0,0.004753,Stock
IT0005282865,Reply,Equity,Technology,EUR,700.0,117.04,117.04,1.0,81928.0,80990.0,115.7,1.0,-938.0,-0.011449,-938.0,0.0,0.0,-938.0,-938.0,0.0,0.007409,Stock
NL0010273215,ASML,Equity,Technology,EUR,70.0,604.0,604.0,1.0,42280.0,111776.0,1596.8,1.0,69496.0,1.643709,69496.0,47322.4,0.0,116818.4,69496.0,0.0,0.010225,Stock
XS2262211076,Romania Tf 1.375% Dec.29,Fixed Income,Gov. Europa,EUR,6150.0,89.8089,89.8089,1.0,552325.0,552331.5,89.81,1.0,6.5,1.2e-05,6.5,0.0,13921.88,13928.38,6.5,0.0,0.050528,Bond
LU1437017350,EM,Equity,Emerging Markets,EUR,1850.0,82.1535,82.1535,1.0,151983.9,190864.5,103.17,1.0,38880.6,0.25582,38880.6,0.0,0.0,38880.6,38880.6,0.0,0.017461,Stock
XS2943818059,Iliad holding 5.375% 15/04/2030,Fixed Income,Corporate Bond,EUR,4000.0,102.31,102.31,1.0,409240.0,401898.0,100.4745,1.0,-7342.0,-0.017941,-7342.0,0.0,19708.36,12366.36,-7342.0,0.0,0.036766,Bond
IE00BFMXXD54,Vanguard S&P500,Equity,US Equity,EUR,3550.0,115.8099,115.8099,1.0,411125.0,456849.51,128.69,1.0,45724.51,0.111218,45724.51,788.5,0.0,46513.01,45724.51,0.0,0.041793,Stock
IE00BYXG2H39,Biotech US,Equity,Healthcare,EUR,14500.0,7.3344,7.3344,1.0,106348.14,133879.11,10.46,0.8827,27530.97,0.258876,27530.97,0.0,0.0,27530.97,27530.97,0.0,0.012247,Stock
AU000000EMR4,EMR,Equity,Materials,AUD,14250.0,2.9548,5.23,0.564972,42105.93,60884.69,6.97,0.613,18778.76,0.445988,18778.76,0.0,0.0,18778.76,14008.48,4770.26,0.00557,Stock
HK0000516697,Biotech Cina,Equity,China Equity,HKD,5100.0,7.8879,71.37,0.110522,40228.45,42591.41,74.24,0.11249,2362.96,0.058739,2362.96,0.0,0.0,2362.96,1617.71,745.13,0.003896,Stock
IE000M7V94E1,Nucl,Alternative,Energy,EUR,4000.0,49.904,49.904,1.0,199616.0,175000.0,43.75,1.0,-24616.0,-0.123317,-24616.0,0.0,0.0,-24616.0,-24616.0,0.0,0.016009,Commodity
DE000A2QP4D2,Brasile Bond,Fixed Income,Gov. Internazionali,USD,2000.0,90.67,107.58,0.842815,181340.08,202950.39,114.96,0.8827,21610.31,0.11917,21610.31,0.0,0.0,21610.31,12439.95,9170.37,0.018566,Bond
IE000P16KP52,CyberSecurity,Equity,Technology,EUR,5750.0,25.69,25.69,1.0,147717.5,232587.5,40.45,1.0,84870.0,0.574543,84870.0,0.0,0.0,84870.0,84870.0,0.0,0.021277,Stock
AU000XCLWAX7,"Australia Tf 2,75% Nv29 Aud",Fixed Income,Gov. Internazionali,AUD,8500.0,56.7665,94.8,0.598802,482514.97,488510.41,93.755,0.613,5995.44,0.012425,5995.44,0.0,7170.69,13166.13,-5318.86,11314.62,0.04469,Bond
US5949181045,Microsoft,Equity,Technology,USD,220.0,338.2743,398.68,0.848486,74420.36,99602.11,512.9,0.8827,25181.75,0.338372,25181.75,0.0,0.0,25181.75,21321.1,3860.64,0.009112,Stock
US58733R1023,MercadoLibre,Equity,Technology,USD,60.0,1449.7273,1663.91,0.871277,86983.64,91546.41,1728.53,0.8827,4562.77,0.052455,4562.77,0.0,0.0,4562.77,3378.12,1184.7,0.008375,Stock
GB00BSQNRC93,UK Bond 4.375% 24/28,Fixed Income,Gov. Internazionali,GBP,1550.0,115.701,99.85,1.158749,179336.62,180510.37,99.52,1.1702,1173.75,0.006545,1173.75,0.0,3947.7,5121.45,-592.7,1766.38,0.016513,Bond
US91282CMN82,US Treasury 4.25% Feb 2028,Fixed Income,Gov. Internazionali,USD,3000.0,87.6448,100.66,0.870701,262934.26,262968.78,99.3047,0.8827,34.52,0.000131,34.52,0.0,5526.49,5561.01,-3540.18,3574.68,0.024057,Bond
IE00B4L60045,iShares Euro Corp Bond 1-5yr UCITS ETF,Fixed Income,Corporate Bond,EUR,2000.0,106.03,106.03,1.0,212060.0,209280.0,104.64,1.0,-2780.0,-0.01311,-2780.0,0.0,0.0,-2780.0,-2780.0,0.0,0.019145,ETF
US912810PV44,US TIPS 1.75% Jan 2028,Fixed Income,Gov. Internazionali,USD,1850.0,87.8278,101.485,0.865426,162481.39,161535.87,98.92,0.8827,-945.52,-0.005819,-945.52,0.0,1416.89,471.37,-4106.66,3161.18,0.014778,Bond
LU1681041114,Amundi EUR FRN Corporate Bond ESG ETF,Fixed Income,Corporate Bond,EUR,900.0,111.71,111.71,1.0,100539.0,101952.0,113.28,1.0,1413.0,0.014054,1413.0,0.0,0.0,1413.0,1413.0,0.0,0.009327,ETF
US4642875151,IGV,Equity,Technology,USD,1700.0,71.4249,83.45,0.855901,121422.34,159707.8,106.43,0.8827,38285.46,0.315308,38285.46,0.0,0.0,38285.46,33436.63,4848.77,0.01461,ETF
US81762P1021,ServiceNow,Equity,Technology,USD,1000.0,76.0372,89.2,0.852435,76037.2,118290.63,134.01,0.8827,42253.43,0.555694,42253.43,0.0,0.0,42253.43,38197.61,4055.82,0.010821,Stock
IE00BM67HN09,Consumer Staples,Equity,Consumer Staples,EUR,4000.0,47.265,47.265,1.0,189060.0,188220.0,47.055,1.0,-840.0,-0.004443,-840.0,0.0,0.0,-840.0,-840.0,0.0,0.017219,Stock
