date,nav,benchmark
2023-10-16,9996095.11,100.0
2023-10-17,9991058.23,99.46
2023-10-18,9992865.59,99.07
2023-10-19,9990712.33,98.7
2023-10-20,9989855.09,97.75
2023-10-23,9989680.15,97.62
2023-10-24,9987340.58,98.12
2023-10-25,9989748.39,97.65
2023-10-26,9987462.51,97.36
2023-10-27,9984176.91,97.28
2023-10-30,9992852.85,97.09
2023-10-31,10001275.22,97.45
2023-11-01,10004695.75,98.2
2023-11-02,10003572.59,99.18
2023-11-03,9998078.2,99.79
2023-11-06,10001868.47,99.54
2023-11-07,9999803.71,99.91
2023-11-08,9998991.43,99.95
2023-11-09,10012191.81,99.99
2023-11-10,10005899.56,99.75
2023-11-13,10000555.67,100.15
2023-11-14,9998385.68,100.77
2023-11-15,10013210.12,101.0
2023-11-16,9994878.25,100.78
2023-11-17,10004550.03,101.01
2023-11-20,10016259.07,101.14
2023-11-21,9998020.61,101.33
2023-11-22,10015896.91,101.5
2023-11-23,10006709.94,101.22
2023-11-24,10011679.6,101.01
2023-11-27,9999384.5,101.1
2023-11-28,9999478.31,101.25
2023-11-29,10009949.74,101.74
2023-11-30,10011986.73,101.93
2023-12-01,10044333.7,102.46
2023-12-04,10081251.22,102.42
2023-12-05,10121095.48,102.82
2023-12-06,10129433.06,103.39
2023-12-07,10120507.77,103.41
2023-12-08,10145457.34,103.37
2023-12-11,10119642.5,103.4
2023-12-12,10119090.97,103.48
2023-12-13,10128122.49,103.95
2023-12-14,10135120.83,104.68
2023-12-15,10140189.65,104.84
2023-12-18,10149702.61,104.96
2023-12-19,10153341.1,105.13
2023-12-20,10172836.71,105.32
2023-12-21,10169299.36,105.38
2023-12-22,10176244.92,105.2
2023-12-25,10171622.43,105.19
2023-12-26,10156844.63,105.19
2023-12-27,10169207.03,105.47
2023-12-28,10159898.09,105.77
2023-12-29,10153978.54,105.22
2024-01-01,10180269.17,105.21
2024-01-02,10206513.3,105.33
2024-01-03,10159443.97,105.16
2024-01-04,10172918.74,104.76
2024-01-05,10176956.62,104.67
2024-01-08,10200495.54,104.61
2024-01-09,10199483.64,104.95
2024-01-10,10198256.23,105.06
2024-01-11,10187468.28,104.97
2024-01-12,10174741.46,105.54
2024-01-15,10168093.38,105.41
2024-01-16,10176802.51,105.32
2024-01-17,10158623.3,104.5
2024-01-18,10146011.47,104.74
2024-01-19,10143610.88,104.88
2024-01-22,10128991.89,105.49
2024-01-23,10135559.67,105.4
2024-01-24,10145472.84,105.68
2024-01-25,10140377.2,106.07
2024-01-26,10176985.17,106.42
2024-01-29,10193533.69,106.32
2024-01-30,10202675.94,106.58
2024-01-31,10198065.29,106.85
2024-02-01,10190381.26,106.62
2024-02-02,10198412.32,106.79
2024-02-05,10175110.04,106.93
2024-02-06,10200838.7,107.25
2024-02-07,10212554.91,107.25
2024-02-08,10208844.51,107.15
2024-02-09,10226015.56,107.09
2024-02-12,10277499.55,107.52
2024-02-13,10245502.63,106.75
2024-02-14,10320569.92,107.09
2024-02-15,10363138.93,107.51
2024-02-16,10382562.33,107.52
2024-02-19,10373979.93,107.42
2024-02-20,10360732.03,107.21
2024-02-21,10353733.36,107.13
2024-02-22,10376916.71,107.62
2024-02-23,10382913.01,108.27
2024-02-26,10411625.57,107.88
2024-02-27,10441952.41,107.82
2024-02-28,10514330.88,107.5
2024-02-29,10521366.76,107.89
2024-03-01,10564773.14,108.35
2024-03-04,10633078.24,108.31
2024-03-05,10563568.01,108.39
2024-03-06,10610028.64,108.53
2024-03-07,10661147.25,108.99
2024-03-08,10679465.18,108.82
2024-03-11,10719295.29,108.44
2024-03-12,10729859.95,108.82
2024-03-13,10741999.9,108.81
2024-03-14,10721448.66,108.55
2024-03-15,10671940.34,108.36
2024-03-18,10661777.16,108.73
2024-03-19,10587373.91,108.75
2024-03-20,10689208.83,109.02
2024-03-21,10711313.4,110.01
2024-03-22,10675453.01,109.91
2024-03-25,10754820.56,109.7
2024-03-26,10770973.0,109.85
2024-03-27,10781324.92,110.07
2024-03-28,10863960.34,110.42
2024-03-29,10858007.92,110.42
2024-04-01,10865890.91,110.41
2024-04-02,10797732.59,109.23
2024-04-03,10799629.33,109.4
2024-04-04,10816007.1,109.57
2024-04-05,10784292.35,109.18
2024-04-08,10828819.87,108.95
2024-04-09,10795387.96,109.12
2024-04-10,10808766.53,108.91
2024-04-11,10801488.46,108.92
2024-04-12,10800172.1,109.43
2024-04-15,10783818.63,108.78
2024-04-16,10725978.05,107.74
2024-04-17,10706668.75,107.49
2024-04-18,10746489.64,107.62
2024-04-19,10746373.11,107.2
2024-04-22,10767349.69,107.75
2024-04-23,10801233.61,107.87
2024-04-24,10773423.09,107.91
2024-04-25,10743175.03,107.01
2024-04-26,10798242.08,107.93
2024-04-29,10814764.73,108.36
2024-04-30,10764938.4,107.81
2024-05-01,10744560.51,107.81
2024-05-02,10745834.93,107.97
2024-05-03,10791348.11,108.54
2024-05-06,10820197.56,109.24
2024-05-07,10869786.23,109.61
2024-05-08,10854232.75,109.17
2024-05-09,10911127.16,109.43
2024-05-10,10920586.65,109.71
2024-05-13,10930880.79,109.66
2024-05-14,10927621.81,109.56
2024-05-15,11015178.89,110.33
2024-05-16,11011782.21,110.6
2024-05-17,11007763.8,110.28
2024-05-20,11104507.49,110.36
2024-05-21,11055797.43,110.25
2024-05-22,11148643.4,110.37
2024-05-23,11131295.24,110.26
2024-05-24,11122344.98,110.18
2024-05-27,11147905.04,109.87
2024-05-28,11142412.89,109.91
2024-05-29,11095554.34,109.22
2024-05-30,11121220.94,108.93
2024-05-31,11104879.37,108.99
2024-06-03,11150165.78,109.73
2024-06-04,11126478.07,109.7
2024-06-05,11144551.94,110.28
2024-06-06,11164130.34,110.34
2024-06-07,11115073.95,110.38
2024-06-10,11120627.0,110.55
2024-06-11,11075060.41,110.47
2024-06-12,11135040.92,111.27
2024-06-13,11087387.58,111.58
2024-06-14,11078204.65,111.62
2024-06-17,11068656.57,111.47
2024-06-18,11078706.95,111.9
2024-06-19,11077660.78,112.01
2024-06-20,11133141.21,112.09
2024-06-21,11108869.06,111.97
2024-06-24,11108470.74,111.97
2024-06-25,11084799.08,112.02
2024-06-26,11067662.15,111.8
2024-06-27,11074008.79,111.85
2024-06-28,11034031.4,111.89
2024-07-01,11020781.59,111.11
2024-07-02,11013475.42,111.54
2024-07-03,11022665.25,111.68
2024-07-04,10999897.31,111.82
2024-07-05,11007324.44,112.22
2024-07-08,10993711.78,112.25
2024-07-09,11019089.07,112.35
2024-07-10,11065841.92,112.56
2024-07-11,11117978.79,112.95
2024-07-12,11130677.98,113.26
2024-07-15,11157009.74,113.4
2024-07-16,11197261.9,113.58
2024-07-17,11150546.12,112.97
2024-07-18,11143732.48,112.66
2024-07-19,11104391.53,112.12
2024-07-22,11152012.24,112.34
2024-07-23,11166308.5,112.69
2024-07-24,11146561.33,111.76
2024-07-25,11100659.29,111.22
2024-07-26,11141762.47,111.57
2024-07-29,11156559.04,111.91
2024-07-30,11175292.34,111.81
2024-07-31,11219545.93,113.01
2024-08-01,11149242.3,112.5
2024-08-02,10968497.6,110.71
2024-08-05,10815812.92,109.24
2024-08-06,10864185.89,109.78
2024-08-07,10919614.7,110.31
2024-08-08,10946022.34,110.25
2024-08-09,10971109.09,110.97
2024-08-12,10954913.25,111.19
2024-08-13,10992377.62,111.58
2024-08-14,10992794.67,111.77
2024-08-15,11005818.83,111.76
2024-08-16,11062767.46,112.72
2024-08-19,11087933.88,112.84
2024-08-20,11053432.72,112.87
2024-08-21,11088953.87,113.03
2024-08-22,11124552.52,112.95
2024-08-23,11195021.19,113.27
2024-08-26,11196698.71,113.46
2024-08-27,11147694.34,112.99
2024-08-28,11134260.67,113.06
2024-08-29,11173383.97,113.48
2024-08-30,11174692.19,113.61
2024-09-02,11180773.42,113.6
2024-09-03,11116775.78,113.15
2024-09-04,11093898.4,112.56
2024-09-05,11060632.1,112.7
2024-09-06,10989342.06,111.93
2024-09-09,11060644.93,112.58
2024-09-10,11097400.46,112.63
2024-09-11,11048639.78,112.67
2024-09-12,11123928.8,113.33
2024-09-13,11184203.86,113.89
2024-09-16,11168754.3,113.72
2024-09-17,11217249.05,114.06
2024-09-18,11174674.26,113.75
2024-09-19,11260648.17,114.39
2024-09-20,11247583.33,114.02
2024-09-23,11293303.14,114.28
2024-09-24,11292169.02,114.61
2024-09-25,11295412.85,114.54
2024-09-26,11339947.28,114.78
2024-09-27,11346735.58,115.11
2024-09-30,11304924.2,114.87
2024-10-01,11325604.35,115.33
2024-10-02,11302036.97,115.47
2024-10-03,11281489.47,115.09
2024-10-04,11295929.87,115.03
2024-10-07,11274225.14,114.91
2024-10-08,11253717.05,115.08
2024-10-09,11266609.96,115.15
2024-10-10,11257262.85,115.2
2024-10-11,11313236.88,115.52
2024-10-14,11362830.76,115.77
2024-10-15,11399770.45,116.16
2024-10-16,11442102.96,116.02
2024-10-17,11489227.24,116.42
2024-10-18,11499356.53,116.39
2024-10-21,11466099.04,115.89
2024-10-22,11460710.24,116.03
2024-10-23,11442246.01,115.76
2024-10-24,11437498.93,115.63
2024-10-25,11414856.78,115.62
2024-10-28,11455286.78,115.68
2024-10-29,11446786.97,115.5
2024-10-30,11377462.21,115.28
2024-10-31,11305685.04,114.17
2024-11-01,11304405.71,114.64
2024-11-04,11259789.66,114.13
2024-11-05,11276516.97,114.2
2024-11-06,11397749.31,115.65
2024-11-07,11425505.24,116.58
2024-11-08,11456932.96,116.88
2024-11-11,11582004.18,117.34
2024-11-12,11524087.44,117.09
2024-11-13,11542733.73,116.82
2024-11-14,11524937.63,117.06
2024-11-15,11513172.97,116.4
2024-11-18,11512248.42,116.36
2024-11-19,11513318.54,116.69
2024-11-20,11525393.63,116.62
2024-11-21,11696761.01,117.46
2024-11-22,11762682.44,117.93
2024-11-25,11750986.17,118.24
2024-11-26,11718709.42,118.07
2024-11-27,11738711.47,117.86
2024-11-28,11747689.74,118.06
2024-11-29,11764035.45,118.46
2024-12-02,11788652.1,119.13
2024-12-03,11781599.53,119.04
2024-12-04,11813352.92,119.13
2024-12-05,11771068.11,119.28
2024-12-06,11802483.9,119.45
2024-12-09,11750429.69,119.38
2024-12-10,11750038.5,119.36
2024-12-11,11798875.91,119.41
2024-12-12,11775671.04,119.17
2024-12-13,11751774.2,118.65
2024-12-16,11770804.82,118.82
2024-12-17,11735678.13,118.56
2024-12-18,11706777.84,118.73
2024-12-19,11621633.97,117.07
2024-12-20,11626060.22,117.39
2024-12-23,11599468.22,117.32
2024-12-24,11628762.37,117.32
2024-12-25,11633263.27,117.32
2024-12-26,11605979.74,117.31
2024-12-27,11613219.55,117.55
2024-12-30,11577238.51,117.08
2024-12-31,11594019.94,117.08
2025-01-01,11600836.48,117.08
2025-01-02,11702057.74,118.01
2025-01-03,11695115.2,117.78
2025-01-06,11733044.95,117.8
2025-01-07,11680614.42,117.23
2025-01-08,11649920.49,117.32
2025-01-09,11654508.2,117.28
2025-01-10,11634149.02,116.58
2025-01-13,11608522.99,116.1
2025-01-14,11608199.23,116.09
2025-01-15,11713649.83,117.78
2025-01-16,11710895.49,117.84
2025-01-17,11776561.0,118.27
2025-01-20,11715634.87,118.25
2025-01-21,11774447.31,118.25
2025-01-22,11772509.04,118.7
2025-01-23,11783479.08,118.83
2025-01-24,11777924.67,118.25
2025-01-27,11698465.26,117.55
2025-01-28,11723157.41,118.19
2025-01-29,11765450.31,118.73
2025-01-30,11814265.79,119.07
2025-01-31,11841097.71,119.75
2025-02-03,11818267.76,119.37
2025-02-04,11768875.88,119.2
2025-02-05,11758477.52,119.29
2025-02-06,11782836.99,119.83
2025-02-07,11769785.76,119.43
2025-02-10,11812720.85,120.16
2025-02-11,11793917.78,119.5
2025-02-12,11796835.31,119.0
2025-02-13,11804894.88,119.56
2025-02-14,11789353.5,119.81
2025-02-17,11791224.66,119.9
2025-02-18,11799666.07,119.62
2025-02-19,11798506.85,119.75
2025-02-20,11782697.97,119.42
2025-02-21,11778165.67,119.8
2025-02-24,11703353.93,119.2
2025-02-25,11638946.52,118.61
2025-02-26,11643964.64,119.2
2025-02-27,11613960.56,119.3
2025-02-28,11573189.94,118.8
2025-03-03,11579159.07,118.89
2025-03-04,11488669.46,116.98
2025-03-05,11473995.14,115.73
2025-03-06,11443232.14,115.87
2025-03-07,11372141.24,115.19
2025-03-10,11314151.74,114.87
2025-03-11,11257670.05,113.23
2025-03-12,11274572.97,113.98
2025-03-13,11235636.65,113.74
2025-03-14,11303350.74,114.17
2025-03-17,11337447.33,114.92
2025-03-18,11342951.89,114.29
2025-03-19,11405421.72,115.06
2025-03-20,11391134.09,115.64
2025-03-21,11352269.99,115.19
2025-03-24,11417395.01,116.19
2025-03-25,11417372.87,116.08
2025-03-26,11390096.71,115.55
2025-03-27,11386940.2,115.31
2025-03-28,11313685.3,114.32
2025-03-31,11262911.47,114.05
2025-04-01,11313786.04,115.11
2025-04-02,11292091.37,114.7
2025-04-03,11100174.74,112.34
2025-04-04,10912753.62,110.16
2025-04-07,10727190.67,106.99
2025-04-08,10789674.44,109.52
2025-04-09,10708584.96,106.35
2025-04-10,10821636.55,108.96
2025-04-11,10815569.05,108.15
2025-04-14,10913969.89,109.87
2025-04-15,10962213.66,110.71
2025-04-16,10924570.42,109.97
2025-04-17,10904529.93,109.45
2025-04-18,10901903.64,109.44
2025-04-21,10904826.37,109.43
2025-04-22,10942730.58,109.05
2025-04-23,11075512.38,110.83
2025-04-24,11111991.76,111.38
2025-04-25,11115414.67,111.61
2025-04-28,11144813.55,111.64
2025-04-29,11158019.35,112.24
2025-04-30,11171924.57,112.14
2025-05-01,11197134.09,112.13
2025-05-02,11308169.13,113.58
2025-05-05,11314619.07,113.54
2025-05-06,11321681.34,113.21
2025-05-07,11306541.46,113.03
2025-05-08,11424064.09,113.92
2025-05-09,11432274.86,113.81
2025-05-12,11572855.51,115.11
2025-05-13,11568101.34,115.55
2025-05-14,11447577.73,115.39
2025-05-15,11458867.63,115.83
2025-05-16,11491504.5,116.41
2025-05-19,11477371.84,115.71
2025-05-20,11518901.7,116.04
2025-05-21,11463666.75,115.43
2025-05-22,11426143.84,114.9
2025-05-23,11377225.8,114.59
2025-05-26,11428963.25,114.81
2025-05-27,11482715.41,115.43
2025-05-28,11480987.1,115.43
2025-05-29,11437885.0,115.59
2025-05-30,11412670.65,115.52
2025-06-02,11403767.84,115.22
2025-06-03,11455433.62,115.74
2025-06-04,11467118.43,116.1
2025-06-05,11441216.14,116.04
2025-06-06,11479249.13,116.01
2025-06-09,11549459.7,116.2
2025-06-10,11549732.42,116.34
2025-06-11,11524865.27,116.17
2025-06-12,11446599.36,115.87
2025-06-13,11416568.0,115.4
2025-06-16,11455786.05,115.95
2025-06-17,11443824.44,115.55
2025-06-18,11448838.13,115.62
2025-06-19,11398329.46,115.22
2025-06-20,11401593.07,115.36
2025-06-23,11395954.08,115.39
2025-06-24,11448414.92,115.85
2025-06-25,11431070.07,115.67
2025-06-26,11455085.13,116.12
2025-06-27,11503042.42,116.45
2025-06-30,11484544.93,116.29
2025-07-01,11493920.0,116.48
2025-07-02,11511432.41,116.38
2025-07-03,11546467.83,116.83
2025-07-04,11503166.21,116.33
2025-07-07,11511467.75,116.39
2025-07-08,11521649.33,116.44
2025-07-09,11548605.58,116.52
2025-07-10,11635998.3,116.82
2025-07-11,11612780.14,116.7
2025-07-14,11633435.39,116.54
2025-07-15,11644530.19,117.0
2025-07-16,11599389.1,116.18
2025-07-17,11684816.3,117.34
2025-07-18,11692626.18,117.01
2025-07-21,11690051.73,117.51
2025-07-22,11697381.06,117.17
2025-07-23,11744679.29,117.71
2025-07-24,11741735.42,117.5
2025-07-25,11731745.02,117.53
2025-07-28,11759100.86,118.32
2025-07-29,11767780.6,118.54
2025-07-30,11770297.59,118.79
2025-07-31,11721776.77,118.92
2025-08-01,11587624.28,117.52
2025-08-04,11653840.83,118.13
2025-08-05,11658200.42,117.95
2025-08-06,11663734.27,118.08
2025-08-07,11692412.18,118.23
2025-08-08,11701931.91,118.28
2025-08-11,11713824.65,118.5
2025-08-12,11733323.09,118.59
2025-08-13,11776795.32,118.87
2025-08-14,11753537.85,119.0
2025-08-15,11744047.1,119.0
2025-08-18,11742919.08,118.81
2025-08-19,11727263.82,118.63
2025-08-20,11726773.39,118.56
2025-08-21,11728432.68,118.85
2025-08-22,11826591.2,119.31
2025-08-25,11779943.7,119.02
2025-08-26,11789796.55,119.11
2025-08-27,11800851.73,119.23
2025-08-28,11817049.23,119.34
2025-08-29,11771601.4,118.64
2025-09-01,11790383.29,118.99
2025-09-02,11744496.81,118.36
2025-09-03,11776077.02,118.78
2025-09-04,11782910.31,119.19
2025-09-05,11793222.97,119.15
2025-09-08,11826945.01,119.78
2025-09-09,11828234.35,119.57
2025-09-10,11839191.42,120.01
2025-09-11,11883872.31,120.58
2025-09-12,11892054.87,120.47
2025-09-15,11920366.47,120.75
2025-09-16,11922509.91,120.24
2025-09-17,11956330.41,120.31
2025-09-18,11994753.35,120.63
2025-09-19,12007775.82,120.73
2025-09-22,11994156.18,120.65
2025-09-23,12018540.3,120.85
2025-09-24,12017908.15,120.82
2025-09-25,11969431.39,120.48
2025-09-26,11982776.87,120.5
2025-09-29,12064403.61,120.93
2025-09-30,12059684.88,120.81
2025-10-01,12153195.2,121.46
2025-10-02,12208973.61,121.61
2025-10-03,12253596.96,121.88
2025-10-06,12302086.53,121.96
2025-10-07,12271548.97,121.9
2025-10-08,12328925.34,122.66
2025-10-09,12315797.13,122.56
2025-10-10,12135826.27,121.4
2025-10-13,12242732.37,121.59
2025-10-14,12202356.43,121.76
2025-10-15,12252487.41,122.21
2025-10-16,12243910.46,122.32
2025-10-17,12147781.46,121.57
2025-10-20,12267416.69,122.62
2025-10-21,12233654.78,122.97
2025-10-22,12189706.33,122.8
2025-10-23,12244825.75,123.07
2025-10-24,12416062.46,123.04
2025-10-27,12300112.12,123.86
2025-10-28,12284769.98,123.71
2025-10-29,12273112.9,123.91
2025-10-30,12264050.88,123.77
2025-10-31,12245551.89,123.6
2025-11-03,12207587.79,123.83
2025-11-04,12140953.19,123.42
2025-11-05,12162875.0,123.5
2025-11-06,12086692.94,122.86
2025-11-07,12056631.96,121.81
2025-11-10,12158864.58,123.13
2025-11-11,12166750.67,123.45
2025-11-12,12208706.55,123.79
2025-11-13,12132877.12,122.89
2025-11-14,12035464.24,122.72
2025-11-17,11975939.45,122.51
2025-11-18,11917647.97,121.59
2025-11-19,11938967.65,121.68
2025-11-20,11898838.2,121.86
2025-11-21,11842485.91,121.33
2025-11-24,11943761.43,122.36
2025-11-25,11963230.09,122.52
2025-11-26,12056235.47,123.18
2025-11-27,12066421.65,123.19
2025-11-28,12117964.04,123.18
2025-12-01,12090417.95,122.83
2025-12-02,12103916.1,122.89
2025-12-03,12132704.22,123.05
2025-12-04,12146449.53,123.12
2025-12-05,12159332.03,123.27
2025-12-08,12139481.03,123.09
2025-12-09,12152249.32,122.97
2025-12-10,12135299.48,122.66
2025-12-11,12152353.33,122.85
2025-12-12,12086883.93,122.18
2025-12-15,12058581.23,122.34
2025-12-16,12028348.37,122.05
2025-12-17,12017323.21,121.72
2025-12-18,12071809.01,122.54
2025-12-19,12131374.4,122.71
2025-12-22,12156424.77,122.56
2025-12-23,12152491.81,123.0
2025-12-24,12155709.67,123.0
2025-12-25,12152302.89,122.99
2025-12-26,12153470.41,122.99
2025-12-29,12151467.91,123.23
2025-12-30,12197957.39,123.31
2025-12-31,12184132.96,123.31
2026-01-01,12190870.98,123.3
2026-01-02,12212803.32,123.24
2026-01-05,12359485.4,123.78
2026-01-06,12429095.68,124.18
2026-01-07,12405751.76,124.39
2026-01-08,12390468.11,124.45
2026-01-09,12467214.55,124.78
2026-01-12,12526368.52,124.91
2026-01-13,12564846.46,124.96
2026-01-14,12588846.28,124.8
2026-01-15,12656716.79,125.55
2026-01-16,12632049.67,125.25
2026-01-19,12572900.63,124.52
2026-01-20,12517198.39,123.84
2026-01-21,12586500.43,123.89
2026-01-22,12649075.18,124.28
2026-01-23,12665750.16,124.28
2026-01-26,12680177.87,124.17
2026-01-27,12647376.92,124.09
2026-01-28,12709129.61,124.01
2026-01-29,12635206.44,123.77
2026-01-30,12537107.93,124.1
2026-02-02,12485592.19,124.48
2026-02-03,12534326.68,124.22
2026-02-04,12467057.81,124.15
2026-02-05,12309473.22,123.81
2026-02-06,12425336.06,124.22
2026-02-09,12490054.65,124.73
2026-02-10,12481997.75,124.93
2026-02-11,12491561.65,124.93
2026-02-12,12413321.95,124.63
2026-02-13,12443856.36,124.47
2026-02-16,12442522.38,124.68
2026-02-17,12403693.04,124.65
2026-02-18,12483116.5,125.22
2026-02-19,12482108.46,125.34
2026-02-20,12540747.98,125.51
2026-02-23,12494129.32,125.48
2026-02-24,12530840.39,125.5
2026-02-25,12603991.2,126.13
2026-02-26,12580657.17,126.1
2026-02-27,12585364.56,125.93
2026-03-02,12603505.1,125.74
2026-03-03,12466672.92,124.53
2026-03-04,12555663.78,125.41
2026-03-05,12492402.39,124.66
2026-03-06,12459556.47,124.06
2026-03-09,12410095.16,123.79
2026-03-10,12540583.6,124.74
2026-03-11,12486307.68,124.01
2026-03-12,12469221.13,123.32
2026-03-13,12424213.32,123.24
2026-03-16,12476295.1,123.45
2026-03-17,12476744.6,123.58
2026-03-18,12406583.11,123.46
2026-03-19,12235946.05,122.29
2026-03-20,12146351.97,121.39
2026-03-23,12151906.13,121.44
2026-03-24,12156699.17,121.29
2026-03-25,12243504.3,121.96
2026-03-26,12133442.4,121.33
2026-03-27,12083498.13,120.49
2026-03-30,12114371.02,120.8
2026-03-31,12170889.5,120.88
2026-04-01,12402249.99,122.48
2026-04-02,12259571.19,122.43
2026-04-03,12268999.87,122.43
2026-04-06,12316777.95,122.42
2026-04-07,12291257.48,121.47
2026-04-08,12481671.69,123.94
2026-04-09,12309618.62,123.73
2026-04-10,12137565.56,124.0
2026-04-12,12471517.13,123.99
2026-04-13,12480946.57,123.69
2026-04-14,12569039.87,124.68
2026-04-15,12590134.73,125.2
2026-04-16,12639793.28,125.33
2026-04-17,12479255.29,126.35
2026-04-18,12772937.51,126.35
2026-04-20,12732707.01,126.21
2026-04-21,12780589.11,125.77
2026-04-22,12758942.55,126.19
2026-04-23,12734777.2,126.47
2026-04-24,12708618.44,126.05
2026-04-25,12707373.24,126.05
2026-04-27,12702893.47,126.02
2026-04-28,12618590.19,125.64
2026-04-29,12587927.04,125.55
2026-04-30,12659560.64,126.12
2026-05-01,12676307.32,126.11
2026-05-02,12662522.55,126.11
2026-05-04,12666463.6,126.87
2026-05-05,12750906.22,126.98
2026-05-06,12884776.48,127.87
2026-05-07,12895371.81,127.91
2026-05-08,12869646.13,128.18
2026-05-09,12866858.55,128.18
2026-05-11,12958934.99,127.96
2026-05-12,12867657.57,127.4
2026-05-13,12938984.82,127.95
2026-05-14,12986728.22,128.83
2026-05-15,12849301.08,128.15
2026-05-18,12822183.43,127.54
2026-05-19,12797456.21,127.27
2026-05-20,12880582.16,127.99
2026-05-21,12892638.37,128.3
2026-05-22,12944172.61,128.78
2026-05-25,13007919.13,129.84
2026-05-26,12986253.86,129.48
2026-05-27,12888935.38,129.54
2026-05-28,12966989.28,129.98
2026-05-29,13014209.33,129.98
2026-06-01,13028904.84,130.54
2026-06-02,13052712.37,130.78
2026-06-03,12962612.77,130.38
2026-06-04,12965966.86,130.07
2026-06-05,12829871.9,129.45
2026-06-08,12832009.07,129.21
2026-06-09,12817524.51,128.17
2026-06-10,12734169.53,128.1
2026-06-11,12678941.9,128.0
2026-06-12,12677960.01,130.27
2026-06-14,12850200.92,130.27
2026-06-15,12899510.47,130.46
2026-06-16,12962194.82,130.39
2026-06-17,12959710.67,130.66
2026-06-18,12922221.47,130.95
2026-06-19,12914257.27,130.8
2026-06-22,12930102.32,131.01
2026-06-23,12852666.48,130.61
2026-06-24,12872551.47,130.94
2026-06-25,12852348.26,130.65
2026-06-26,12856643.49,130.4
2026-06-27,12855893.71,130.4
2026-06-28,12874765.7,130.4
2026-06-29,12857348.44,130.46
2026-06-30,12898245.61,130.81
2026-07-01,12916934.63,131.33
2026-07-02,12944031.31,130.85
2026-07-03,12991758.75,131.14
2026-07-06,12996925.72,131.27
2026-07-07,12943736.78,130.27
2026-07-08,12882601.05,129.76
2026-07-09,12932914.85,130.68
2026-07-10,12928294.17,130.9
2026-07-13,12888982.74,130.62
2026-07-14,12914966.81,130.32
2026-07-15,12896341.93,130.57
2026-07-16,12875675.46,130.5
2026-07-17,12802481.44,129.69
2026-07-20,12829372.67,129.58
2026-07-21,12888472.47,129.95
2026-07-22,12900721.6,130.05
2026-07-23,12809203.38,129.15
2026-07-24,12849021.03,129.6
2026-07-27,12855157.29,129.26
2026-07-28,12858953.32,129.61
2026-07-29,12814864.62,128.95
2026-07-30,12799441.76,128.75
2026-07-31,12796778.81,128.93
2026-08-03,12800304.88,130.07
2026-08-04,12893598.76,130.9
2026-08-05,13035614.06,131.28
2026-08-06,13029175.92,131.17
2026-08-07,13104198.13,131.47
2026-08-10,13114789.94,131.36
2026-08-11,13128768.37,131.36
2026-08-12,13130825.36,131.59
2026-08-13,13140500.13,131.8
2026-08-14,13143638.49,131.53
2026-08-17,13116309.51,131.51
2026-08-18,13045933.02,130.35
2026-08-19,13111809.47,130.39
2026-08-20,13104074.06,130.29
2026-08-21,13182722.99,130.26
2026-08-24,13173560.14,130.01
2026-08-25,13185295.11,130.39
2026-08-26,13213474.03,130.61
2026-08-27,13242640.91,130.77
2026-08-28,13232947.68,131.18
2026-08-31,13168188.96,130.48
2026-09-01,13135148.95,130.0736
2026-09-02,13094344.62,130.068
2026-09-03,13203184.8,130.6564
2026-09-04,13184283.31,130.575
2026-09-05,13188688.68,130.575
2026-09-07,13166173.17,130.5495
2026-09-08,13133015.87,130.6267
2026-09-09,13065047.29,129.8435
2026-09-10,12989663.81,128.9809
2026-09-11,13009392.9,129.7029
2026-09-14,13015764.19,129.3238
2026-09-15,12974335.81,128.8533
2026-09-16,13012719.65,129.2923
2026-09-17,13075841.29,129.916
2026-09-18,13077688.78,129.6579
2026-09-21,13190631.35,130.543
2026-09-22,13229354.3,131.1192
2026-09-23,13196270.09,130.6767
2026-09-24,13137744.19,129.9339
2026-09-25,13139263.15,130.0586
2026-09-28,13070897.77,129.7268
2026-09-29,13078204.27,129.8357
2026-09-30,13102184.0,130.0833
2026-10-01,13128615.27,129.834
2026-10-02,13172389.14,130.7085
2026-10-05,13210313.57,131.0243
2026-10-06,13285859.86,131.0243
2026-10-07,13249356.05,131.2902
